"id","institutie","ecologice","automat","perioada_f","locatie","locatie_ob","api_format","api_lat","api_lng","api_name"
"1","Primaria Sector 5",,,,"Parcul Sebastian",,"Strada Mihail Sebastian 60, București 052034, România",44.4148363,26.0693132,"Parcul Sebastian"
"2","Primaria Sector 5",,,,"Parcul Pecineaga",,"Parcul Pecineaga, Strada Pecineaga, București 052034, România",44.4049935,26.0717873,"Parcul Pecineaga"
"3","Primaria Sector 5",,,,"Parcul Romniceanu",,,44.4289006,26.0684081,
"4","Primaria Sector 1","1",,"NON-STOP","Parc Alexandru Ioan Cuza",,,44.42573163,26.15325127,
"5","Primaria Sector 1",,"2","NON-STOP","Parc Bazilescu",,,44.4886196,26.0345696,
"6","Primaria Sector 1","2",,"NON-STOP","Parc Baneasa","Localizare preluata de pe ADP-S1, dar pe harti apare Parc Casa Alba.",,44.51806952,26.0905004,
"7","Primaria Sector 1","1",,"NON-STOP","Parc I.C. Bratianu",,"Bulevardul Dacia 10, București, România",44.4457234,26.0928605,"Parcul I. C. Brătianu"
"8","Primaria Sector 1","1",,"NON-STOP","Parc Izbiceni",,"Parcul Izbiceni, Strada Lița, București, România",44.4867961,26.0467139,"Parcul Izbiceni"
"9","Primaria Sector 1",,"2","NON-STOP","Parc Kiseleff",,"București, România",44.4576517,26.0836661,"Parcul Kiseleff"
"10","Primaria Sector 1","1",,"NON-STOP","Parc Luigi Cazzavilan",,"Parcul Luigi Cazzavilan, București, România",44.442508,26.0867232,"Parcul Luigi Cazzavilan"
"11","Primaria Sector 1","1",,"NON-STOP","Parc Maica Teofana","Localizare preluata de pe ADP-S1.",,44.48706887,26.01702283,
"12","Primaria Sector 1","1",,"NON-STOP","Parc Nicolae Iorga",,"Parcul Nicolae Iorga, Strada Nicolae Iorga, București, România",44.4468171,26.0908221,"Parcul Nicolae Iorga"
"13","Primaria Sector 1","2","1","NON-STOP","Parc Regina Maria",,"Strada Turda 117, București 011322, România",44.4578154,26.0660123,"Parcul Regina Maria"
"14","Primaria Sector 1",,"1","NON-STOP","Parc Venus",,"Parcul Operei, Splaiul Independenței, București, România",44.43614,26.0771988,"Parcul Operei"
"15","Primaria Sector 1","1",,"NON-STOP","Parc Constantin Brancusi","Localizare preluata de pe ADP-S1.",,44.45981431,26.0940825,
"16","Primaria Sector 1","1",,"NON-STOP","Parc Tonitza","Loc de Joaca, langa Liceul N. Tonitza.",,44.45317745,26.09113646,
"17","Primaria Sector 1","1",,"NON-STOP","Parc Ciresoaia","Localizare preluata de pe ADP-S1.",,44.48461096,26.04064187,
"18","Primaria Sector 1","1",,"NON-STOP","Parc Piata Pajura",,"Strada Pecetei 5, București 013165, România",44.48309489,26.04727934,"Piața Pajura"
"19","Primaria Sector 1","1",,"NON-STOP","Teren de joaca Adalin",,,44.4767422,26.0290937,"Parcul Adalin"
"20","Primaria Sector 1","1",,"NON-STOP","Teren de joaca Piata Amzei","Nu am gasit terenul, am pus pozitia pe cladirea Piata Amzei.",,44.44447644,26.09519849,
"21","Primaria Sector 1","1",,"NON-STOP","Parc Witting","Nu e sigur, pe harta apara Parcul Mic al Garii de Nord.",,44.44539529,26.07403334,
"22","Primaria Sector 4",,"1","Iarna: 9°°-20°°; Vara: 9°°-23°°","Parc Lumea Copiilor",,"București, România",44.4045728,26.1152452,"Parcul Lumea Copiilor"
"23","Primaria Sector 4",,"5","Iarna: 9°°-20°°; Vara: 9°°-23°°","Parc Oraselul Copiilor",,"București0 041701, România",44.3996508,26.1087201,"Orășelul Copiilor"
"24","Primaria Sector 6","2",,"8°°-22°°","Casa de Cununii",,,44.42537606,26.05979122,
"25","Primaria Sector 6","6",,"8°°-22°°","Parc A.N.L.- Cartierul Brancusi",,"Drumul Valea Doftanei 11, București, România",44.4195407,26.0064563,"Parc ANL Constantin Brâncuşi"
"26","Primaria Sector 6","1",,"8°°-22°°","Parc Cetatea Histria","Loc de joaca adiacent la Str. Cetatea Histria si Drumul Taberei.",,44.42138622,26.02145117,
"27","Primaria Sector 6","1",,"8°°-22°°","Parc Pravat","Loc de joaca, Str. Pravat nr.12",,44.42513728,26.04153684,
"28","Primaria Sector 6","2",,"8°°-22°°","Bd. Brasov, nr. 12","Parcul Sahistilor",,44.42667835,26.03293489,
"29","Primaria Sector 6","1",,"8°°-22°°","Parc Dr. Taberei, nr. 38",,,44.4208671,26.03287181,
"30","Primaria Sector 6","1",,"8°°-22°°","Parc Parva",,"Bloc D23, Aleea Parva 10, București 061946, România",44.4194754,26.0154587,"Parcul Parva - Sf. Andrei"
"31","Primaria Sector 6","1",,"8°°-22°°","Parc Sandulesti","Loc de joaca, Str. Sandulesti nr.3",,44.42551127,26.02954498,
"32","Primaria Sector 6","1",,"8°°-22°°","Parc Sediul Central A.D.P.D.U.","Nu am identificat pozitia, am pus-o langa cladirea ADPDU.",,44.42785431,26.0579335,
"33","Primaria Sector 6","1",,"8°°-22°°","Loc Agrement, Al. Valea Prahovei, nr. 5","Sunt doua locuri de joaca in zona. Nu am identificat care e din cele doua.","Aleea Valea Prahovei 5, București, România",44.41973086,26.03981816,
"34","Primaria Sector 6","1",,"8°°-22°°","Parc Veteranilor, nr. 19","Loc de Joaca, Str. Veteranilor nr.19",,44.43881489,26.03241595,
"35","Primaria Sector 6","2",,"8°°-22°°","Parc Apusului",,"Aleea Ghirlandei 9, București 077042, România",44.4387603,26.0134427,"Parc Apusului"
"36","Primaria Sector 6","1",,"8°°-22°°","Parc Tabla Butii",,"București, România",44.45750137,26.04999954,"Parcul Tabla Butii"
"37","Primaria Sector 6","13",,"8°°-22°°","Parc Crangasi",,"Parcul Crângași, Calea Crângași, București, România",44.4535008,26.0559446,"Parcul Crângași"
"38","Primaria Sector 6","1",,"8°°-22°°","Parc Fantana Crangasi",,,44.45295641,26.0475549,
"39","Primaria Sector 6","7",,"8°°-22°°","Parc Giulesti",,"Calea Giulești, București, România",44.4609403,26.0425147,"Parcul Marin Preda"
"40","Primaria Sector 6","1",,"8°°-22°°","Loc de joaca, Calea Giulesti X Rasadnitei",,"Calea Giulești 16, București 060276, România",44.45459924,26.05755767,"Opera Comică"
"41","Primaria Sector 6",,"1","8°°-22°°","Parc de agrement ""1 decmbrie 1918""","Nu am gasit pozitia, am pus-o la inceputul Str. 1 Decembrie 1918.",,44.4469273,26.01594552,
"42","Primaria Sector 6",,"1","8°°-22°°","Parc de agrement ""Iuliu Maniu-Fabricii""",,,44.43587704,26.04029157,"Parc de agrement ""Iuliu Maniu-Fabricii"""
"43","Primaria Sector 6","1",,"Vara: L-V 7.00-20.00, S 7.00-18.00, D 7.00-15.00; Iarna: L-V 8.00-20.00, S 8.00-17.00, D 8.00-15.00","Piata Valea Ialomitei","Piata are doua cladiri.",,44.4204502,26.0185598,
"44","Primaria Sector 6","1",,"Vara: L-V 7.00-20.00, S 7.00-18.00, D 7.00-15.00; Iarna: L-V 8.00-20.00, S 8.00-17.00, D 8.00-15.00","Piata Giulesti II",,"Calea Giulești 54, București, România",44.46205413,26.04514083,"Piata Giulesti II"
"45","Primaria Sector 6","1",,"Vara: L-V 7.00-20.00, S 7.00-18.00, D 7.00-15.00; Iarna: L-V 8.00-20.00, S 8.00-17.00, D 8.00-15.00","Piata Apusului",,"Strada Apusului, București, România",44.43825288,26.01441665,"Strada Apusului"
"46","Primaria Sector 6","1",,"Vara: L-V 7.00-20.00, S 7.00-18.00, D 7.00-15.00; Iarna: L-V 8.00-20.00, S 8.00-17.00, D 8.00-15.00","Piata Argesului",,"Str. Valea Argeșului, București, România",44.41586304,26.01587338,"Piata Valea Argesului"
"47","Primaria Sector 6",,"2","L-V 8.30-20, S 8.30-18, D 8.30-15","Piata Crangasi",,"Calea Crângași 29, București 060334, România",44.4527614,26.0488888,"Complexul Agroalimentar Crângași"
"48","Primaria Sector 6",,"3","L-V 7:00-20:00, S 7:00-18:00, D 7:00-16:00","Piata Drumul Taberei I",,,44.42295474,26.03608328,
"49","Primaria Sector 6",,"2","Iarna: 7:00-19:00; Vara: 7:00-20:00","Piata Drumul Taberei II",,,44.42360597,26.03734666,
"50","Primaria Sector 6",,"2","6:00-21:00","Piata Orizont",,"Drumul Taberei 18, București 061385, România",44.4257475,26.0510463,"Piața Orizont"
"51","Primaria Sector 6",,"1","NON-STOP","Piata Veteranilor I",,,44.43495405,26.02899609,
"52","Primaria Sector 6","1",,"8:00-20:00","Piata Veteranilor II",,,44.43514941,26.029558,
"53","Primaria Sector 3","1",,,"Parcul Titanii",,"București, România",44.420483,26.1673719,"Parcul Romulus"
"54","Primaria Sector 3","1",,,"Parcul Gheorghe Petrascu",,"București, România",44.4312842,26.1498111,"Parcul Gheorghe Petrașcu"
"55","Primaria Sector 3","4",,,"Parcul Alexandru Ioan Cuza",,"Strada Baba Novac, București, România",44.4255117,26.1535332,"Parcul Alexandru Ioan Cuza"
"56","Primaria Sector 3","5",,,"Parcul Titan",,,44.42011998,26.15923433,
"57","Administratia lacuri, parcuri si agrement Bucuresti","5","1",,"Parc Circul de Stat",,"Bulevardul Lacul Tei 27, București, România",44.4562714,26.110248,"Parcul Circului"
"58","Administratia lacuri, parcuri si agrement Bucuresti","10","4",,"Parc Cismigiu",,"Bulevardul Regina Elisabeta, București 030167, România",44.4369687,26.0909837,"Grădinile Cișmigiu"
"59","Administratia lacuri, parcuri si agrement Bucuresti","13",,,"Parc Carol I",,"Intrarea Mangalia, București 052034, România",44.4139951,26.0953297,"Parcul Carol"
"60","Administratia lacuri, parcuri si agrement Bucuresti","7","2",,"Parc Herastrau Nou","Localizare preluata de pe pagina ALPA [https://alpa.ro].",,44.47993277,26.08255251,"Parcul Herastrau Nou"
"61","Administratia lacuri, parcuri si agrement Bucuresti","17","2",,"Parc Herastrau Vechi","Localizare preluata de pe pagina ALPA [https://alpa.ro].",,44.47026068,26.08272626,"Parcul Herastrau Vechi"
"62","Administratia lacuri, parcuri si agrement Bucuresti","10","1",,"Parc Izvor",,"București, România",44.4318548,26.0874508,"Parcul Izvor"
"63","Administratia lacuri, parcuri si agrement Bucuresti","3",,,"Parcul Bordei",,"Bulevardul Mircea Eliade, București, România",44.471211,26.09025221,"Parcul Bordei"
"64","Administratia lacuri, parcuri si agrement Bucuresti","5","1",,"Parcul Unirii",,"Piața Unirii, București, România",44.4279564,26.1018262,"Parcul Unirii"
"65","Administratia lacuri, parcuri si agrement Bucuresti","21","2",,"Parc Tineretului",,"Sector 4, București, România",44.4078713,26.105064,"Parcul Tineretului"
"66","Administratia lacuri, parcuri si agrement Bucuresti","2","2",,"Parc Miorita","Localizare preluata de pe pagina ALPA [https://alpa.ro].",,44.47856771,26.07433442,
"67","Administratia lacuri, parcuri si agrement Bucuresti","4",,,"Parcul Floreasca",,"Strada Locotenent Aviator Radu Beller 31, București 014192, România",44.4647222,26.0977778,"Parcul Floreasca"
"68","Administratia lacuri, parcuri si agrement Bucuresti",,"2",,"Parc Sala Palatului",,,44.43891137,26.09427435,
"69","Primaria Sectorului 2",,"3","Luni - inchis, Marti-Vineri - 9.30-21.30, Sambata - Duminica- 9.30-22.30","Parcul de Agrement Tei",,"Bulevardul Lacul Tei, București, România",44.4647146,26.125102,"Parcul De Agrement Tei"
70,"Primaria Sectorului 2",1,,,"Aleea Pan Halipa",,"Aleea Pan Halipa",44.434535,26.148041,"Aleea Pan Halipa"
