"id","institutie","ecologice","automat","perioada_functionare","locatie","locatie_obs","api_formatted_address","api_lat","api_lng","api_name"
1,"Primaria Sector 5",,,,"Parcul Sebastian",,"Strada Mihail Sebastian 60, București 052034, România",44.4148363,26.0693132,"Parcul Sebastian"
2,"Primaria Sector 5",,,,"Parcul Pecineaga",,"Parcul Pecineaga, Strada Pecineaga, București 052034, România",44.4049935,26.0717873,"Parcul Pecineaga"
3,"Primaria Sector 5",,,,"Parcul Romniceanu",,"Parcul Romniceanu, Strada Doctor Dimitrie Drăghiescu, București, România",44.4289006,26.0684081,"Parcul Romniceanu"
4,"Primaria Sector 1",1,,"non stop","Parc Alexandru Ioan Cuza","Bd. Alexandru Iona Cuza langa","Strada Baba Novac, București, România",44.4255117,26.1535332,"Parcul Alexandru Ioan Cuza"
5,"Primaria Sector 1",,2,"non stop","Parc Bazilescu","benzinaria Petrom","București, România",44.4886196,26.0345696,"Parcul Bazilescu"
6,"Primaria Sector 1",2,,"non stop","Parc Baneasa",,"Strada General Stefan Holban, București 013891, România",44.507233,26.074558,"Băneasa Parc Hotel & Restaurant"
7,"Primaria Sector 1",1,,"non stop","Parc I.C. Bratianu",,"Bulevardul Dacia 10, București, România",44.4457234,26.0928605,"Parcul I. C. Brătianu"
8,"Primaria Sector 1",1,,"non stop","Parc Izbiceni",,"Parcul Izbiceni, Strada Lița, București, România",44.4867961,26.0467139,"Parcul Izbiceni"
9,"Primaria Sector 1",,2,"non stop","Parc Kiseleff",,"București, România",44.4576517,26.0836661,"Parcul Kiseleff"
10,"Primaria Sector 1",1,,"non stop","Parc Luigi Cazzavilan",,"Parcul Luigi Cazzavilan, București, România",44.442508,26.0867232,"Parcul Luigi Cazzavilan"
11,"Primaria Sector 1",1,,"non stop","Parc Maica Teofana",,"București, România",44.4886196,26.0345696,"Parcul Bazilescu"
12,"Primaria Sector 1",1,,"non stop","Parc Nicolae Iorga",,"Parcul Nicolae Iorga, Strada Nicolae Iorga, București, România",44.4468171,26.0908221,"Parcul Nicolae Iorga"
13,"Primaria Sector 1",2,1,"non stop","Parc Regina Maria",,"Strada Turda 117, București 011322, România",44.4578154,26.0660123,"Parcul Regina Maria"
14,"Primaria Sector 1",,1,"non stop","Parc Venus",,"Parcul Operei, Splaiul Independenței, București, România",44.43614,26.0771988,"Parcul Operei"
15,"Primaria Sector 1",1,,"non stop","Parc Constantin Brancusi",,"Drumul Valea Doftanei, București, România",44.4184673,26.0065754,"Parc Constantin Brâncuşi"
16,"Primaria Sector 1",1,,"non stop","Parc Tonitza",,"Strada Nicolae Tonitza, București, România",44.4302906,26.098231,"Strada Nicolae Tonitza"
17,"Primaria Sector 1",1,,"non stop","Parc Ciresoaia",,"București, România",44.4886196,26.0345696,"Parcul Bazilescu"
18,"Primaria Sector 1",1,,"non stop","Parc Piata Pajura",,"Strada Pecetei 5, București 013165, România",44.4823946,26.0467654,"Piața Pajura"
19,"Primaria Sector 1",1,,"non stop","Teren de joaca Adalin",,,44.4767422,26.0290937,"Parcul Adalin"
20,"Primaria Sector 1",1,,"non stop","Teren de joaca Piata Amzei",,"București, România",44.4579684,26.0846543,"Loc de joacă"
21,"Primaria Sector 1",1,,"non stop","Parc Witting",,,44.442244,26.07036,
22,"Primaria Sector 4",,1,"Iarna 9°°-20°° Vara 9°°-23°°","Parc Lumea Copiilor",,"București, România",44.4045728,26.1152452,"Parcul Lumea Copiilor"
23,"Primaria Sector 4",,5,"Iarna 9°°-20°° Vara 9°°-23°°","Parc Oraselul Copiilor",,"București0 041701, România",44.3996508,26.1087201,"Orășelul Copiilor"
24,"Primaria Sector 6",2,,"8°°-22°°","Casa de Cununii",,"Bd. Averescu Al., Msal, 17, Bucuresti-Sector 1, Bucuresti, 011454, București, România",44.4663,26.0766,"Oficiul Stării Civile Sector 1"
25,"Primaria Sector 6",6,,"8°°-22°°","Parc A.N.L.- Cartierul Brancusi",,"Drumul Valea Doftanei 11, București, România",44.4195407,26.0064563,"Parc ANL Constantin Brâncuşi"
26,"Primaria Sector 6",1,,"8°°-22°°","Parc Cetatea Histria",,"București 061359, România",44.4200644,26.0322107,"Parcul Drumul Taberei"
27,"Primaria Sector 6",1,,"8°°-22°°","Parc Pravat",,"București 061359, România",44.4200644,26.0322107,"Parcul Drumul Taberei"
28,"Primaria Sector 6",2,,"8°°-22°°","Bd. Brasov, nr. 12",,"Bloc 1S14, Strada Brașov 12, București 061446, România",44.4264391,26.0323506,"Bloc 1S14"
29,"Primaria Sector 6",1,,"8°°-22°°","Parc Dr. Taberei, nr. 38",,"București 061359, România",44.4200644,26.0322107,"Parcul Drumul Taberei"
30,"Primaria Sector 6",1,,"8°°-22°°","Parc Parva",,"Bloc D23, Aleea Parva 10, București 061946, România",44.4194754,26.0154587,"Parcul Parva - Sf. Andrei"
31,"Primaria Sector 6",1,,"8°°-22°°","Parc Sandulesti",,"București 061359, România",44.4200644,26.0322107,"Parcul Drumul Taberei"
32,"Primaria Sector 6",1,,"8°°-22°°","Parc Sediul Central A.D.P.D.U.",,,44.428097,26.0583188,
33,"Primaria Sector 6",1,,"8°°-22°°","Loc Agrement, Al. Valea Prahovei, nr. 5",,"Aleea Valea Prahovei 5, București, România",44.4198759,26.0401142,"Aleea Valea Prahovei 5"
34,"Primaria Sector 6",1,,"8°°-22°°","Parc Veteranilor, nr. 19",,"București 061359, România",44.4200644,26.0322107,"Parcul Drumul Taberei"
35,"Primaria Sector 6",2,,"8°°-22°°","Parc Apusului",,"Aleea Ghirlandei 9, București 077042, România",44.4387603,26.0134427,"Parc Apusului"
36,"Primaria Sector 6",1,,"8°°-22°°","Parc Tabla Butii",,"București, România",44.4702015,26.0827527,"Parcul Regele Mihai I"
37,"Primaria Sector 6",13,,"8°°-22°°","Parc Crangasi",,"Parcul Crângași, Calea Crângași, București, România",44.4535008,26.0559446,"Parcul Crângași"
38,"Primaria Sector 6",1,,"8°°-22°°","Parc Fantana Crangasi",,"Calea Crângași Sector 6 , Calea Crangaşi, București, România",44.4515122,26.0442811,"Parcul Crângași"
39,"Primaria Sector 6",7,,"8°°-22°°","Parc Giulesti",,"Calea Giulești, București, România",44.4609403,26.0425147,"Parcul Marin Preda"
40,"Primaria Sector 6",1,,"8°°-22°°","Loc de joaca, Calea Giulesti X Rasadnitei",,"Calea Giulești 16, București 060276, România",44.4548247,26.057151,"Opera Comică"
41,"Primaria Sector 6",,1,"8°°-22°°","Parc de agrement ""1 decmbrie 1918""",,,44.4120946,26.1722204,
42,"Primaria Sector 6",,1,"8°°-22°°","Parc de agrement ""Iuliu Maniu-Fabricii""",,"Bld Timișoara 8A, București 061301, România",44.4300529,26.0454343,"Terra Park"
43,"Primaria Sector 6",1,,"Vara: L-V 7.00-20.00, S 7.00-18.00, D 7.00-15.00;Iarna: L-V 8.00-20.00, S 8.00-17.00, D 8.00-15.00","Piata Valea Ialomitei",,"Unnamed Road, București, România",44.4204502,26.0185598,"Valea Ialomiței"
44,"Primaria Sector 6",1,,"Vara: L-V 7.00-20.00, S 7.00-18.00, D 7.00-15.00;Iarna: L-V 8.00-20.00, S 8.00-17.00, D 8.00-15.00","Piata Giulesti II",,"Calea Giulești 54, București, România",44.4616742,26.0450083,"Piata Giulesti II"
45,"Primaria Sector 6",1,,"Vara: L-V 7.00-20.00, S 7.00-18.00, D 7.00-15.00;Iarna: L-V 8.00-20.00, S 8.00-17.00, D 8.00-15.00","Piata Apusului",,"Strada Apusului, București, România",44.4382101,26.0149327,"Strada Apusului"
46,"Primaria Sector 6",1,,"Vara: L-V 7.00-20.00, S 7.00-18.00, D 7.00-15.00;Iarna: L-V 8.00-20.00, S 8.00-17.00, D 8.00-15.00","Piata Argesului",,"Str. Argeșului, București, România",44.4221568,26.0389084,"Str. Argeșului"
47,"Primaria Sector 6",,2,"L-V 8.30-20, S 8.30-18, D 8.30-15","Piata Crangasi",,"Calea Crângași 29, București 060334, România",44.4527614,26.0488888,"Complexul Agroalimentar Crângași"
48,"Primaria Sector 6",,3,"L-V 7:00-20:00, S 7:00-18:00, D 7:00-16:00","Piata Drumul Taberei I",,"București, România",44.42219,26.03347,"Piața Drumul Taberei"
49,"Primaria Sector 6",,2,"Iarna 7:00-19:00, Vara 7:00-20:00","Piata Drumul Taberei II",,"București, România",44.42219,26.03347,"Piața Drumul Taberei"
50,"Primaria Sector 6",,2,"6:00-21:00","Piata Orizont",,"Drumul Taberei 18, București 061385, România",44.4257475,26.0510463,"Piața Orizont"
51,"Primaria Sector 6",,1,"NON-STOP","Piata Veteranilor I",,"București, România",44.4343737,26.0285792,"Piața Veteranilor"
52,"Primaria Sector 6",1,,"8:00-20:00","Piata Veteranilor II",,"București, România",44.4343737,26.0285792,"Piața Veteranilor"
53,"Primaria Sector 3",1,,,"Parcul Titanii",,"București, România",44.420483,26.1673719,"Parcul Romulus"
54,"Primaria Sector 3",1,,,"Parcul Gheorghe Petrascu",,"București, România",44.4312842,26.1498111,"Parcul Gheorghe Petrașcu"
55,"Primaria Sector 3",4,,,"Parcul Alexandru Ioan Cuza",,"Strada Baba Novac, București, România",44.4255117,26.1535332,"Parcul Alexandru Ioan Cuza"
56,"Primaria Sector 3",5,,,"Parcul Titan",,"Strada Baba Novac, București, România",44.4255117,26.1535332,"Parcul Alexandru Ioan Cuza"
57,"Administratia lacuri, parcuri si agrement Bucuresti",5,1,,"Parc Circul de Stat",,"Bulevardul Lacul Tei 27, București, România",44.4562714,26.110248,"Parcul Circului"
58,"Administratia lacuri, parcuri si agrement Bucuresti",10,4,,"Parc Cismigiu",,"Bulevardul Regina Elisabeta, București 030167, România",44.4369687,26.0909837,"Grădinile Cișmigiu"
59,"Administratia lacuri, parcuri si agrement Bucuresti",13,,,"Parc Carol I",,"Intrarea Mangalia, București 052034, România",44.4139951,26.0953297,"Parcul Carol"
60,"Administratia lacuri, parcuri si agrement Bucuresti",7,2,,"Parc Herastrau Nou",,"București, România",44.4702015,26.0827527,"Parcul Regele Mihai I"
61,"Administratia lacuri, parcuri si agrement Bucuresti",17,2,,"Parc Herastrau Vechi",,"București, România",44.4702015,26.0827527,"Parcul Regele Mihai I"
62,"Administratia lacuri, parcuri si agrement Bucuresti",10,1,,"Parc Izvor",,"București, România",44.4318548,26.0874508,"Parcul Izvor"
63,"Administratia lacuri, parcuri si agrement Bucuresti",3,,,"Parcul Bordei",,"Bulevardul Mircea Eliade, București, România",44.4726056,26.0910706,"Parcul Bordei"
64,"Administratia lacuri, parcuri si agrement Bucuresti",5,1,,"Parcul Unirii",,"Piața Unirii, București, România",44.4279564,26.1018262,"Parcul Unirii"
65,"Administratia lacuri, parcuri si agrement Bucuresti",21,2,,"Parc Tineretului",,"Sector 4, București, România",44.4078713,26.105064,"Parcul Tineretului"
66,"Administratia lacuri, parcuri si agrement Bucuresti",2,2,,"Parc Miorita",,"Fântâna Miorița, Șoseaua București-Ploiești, București, România",44.4840339,26.0761329,"Fântâna Miorița"
67,"Administratia lacuri, parcuri si agrement Bucuresti",4,,,"Parcul Floreasca",,"Strada Locotenent Aviator Radu Beller 31, București 014192, România",44.4647222,26.0977778,"Parcul Floreasca"
68,"Administratia lacuri, parcuri si agrement Bucuresti",,2,,"Parc Sala Palatului",,"Bulevardul Regina Elisabeta, București 030167, România",44.4369687,26.0909837,"Grădinile Cișmigiu"
69,"Primaria Sectorului 2",,3,"Luni- inchis, Marti-Vineri- 9.30-21.30, Sambata- Duminica- 9.30-22.30","Parcul de Agrement Tei",,"Bulevardul Lacul Tei, București, România",44.4647146,26.125102,"Parcul De Agrement Tei"
