id,institutie,ecologice,automat,perioada_f,locatie,locatie_ob,api_format,api_lat,api_lng,api_name
"1",Primaria Sector 5,,,,Parcul Sebastian,,"Strada Mihail Sebastian 60, București 052034, România",44.414836299999997,26.069313200000000,Parcul Sebastian
"2",Primaria Sector 5,,,,Parcul Pecineaga,,"Parcul Pecineaga, Strada Pecineaga, București 052034, România",44.404993500000003,26.071787300000000,Parcul Pecineaga
"3",Primaria Sector 5,,,,Parcul Romniceanu,,,44.428900599999999,26.068408099999999,
"4",Primaria Sector 1,"1",,NON-STOP,Parc Alexandru Ioan Cuza,,,44.425731630000001,26.153251269999998,
"5",Primaria Sector 1,,"2",NON-STOP,Parc Bazilescu,,,44.488619600000000,26.034569600000001,
"6",Primaria Sector 1,"2",,NON-STOP,Parc Baneasa,"Localizare preluata de pe ADP-S1, dar pe harti apare Parc Casa Alba.",,44.518069519999997,26.090500400000000,
"7",Primaria Sector 1,"1",,NON-STOP,Parc I.C. Bratianu,,"Bulevardul Dacia 10, București, România",44.445723399999999,26.092860500000000,Parcul I. C. Brătianu
"8",Primaria Sector 1,"1",,NON-STOP,Parc Izbiceni,,"Parcul Izbiceni, Strada Lița, București, România",44.486796099999999,26.046713900000000,Parcul Izbiceni
"9",Primaria Sector 1,,"2",NON-STOP,Parc Kiseleff,,"București, România",44.457651700000000,26.083666099999999,Parcul Kiseleff
"10",Primaria Sector 1,"1",,NON-STOP,Parc Luigi Cazzavilan,,"Parcul Luigi Cazzavilan, București, România",44.442507999999997,26.086723200000002,Parcul Luigi Cazzavilan
"11",Primaria Sector 1,"1",,NON-STOP,Parc Maica Teofana,Localizare preluata de pe ADP-S1.,,44.487068870000002,26.017022829999998,
"12",Primaria Sector 1,"1",,NON-STOP,Parc Nicolae Iorga,,"Parcul Nicolae Iorga, Strada Nicolae Iorga, București, România",44.446817099999997,26.090822100000000,Parcul Nicolae Iorga
"13",Primaria Sector 1,"2","1",NON-STOP,Parc Regina Maria,,"Strada Turda 117, București 011322, România",44.457815400000001,26.066012300000001,Parcul Regina Maria
"14",Primaria Sector 1,,"1",NON-STOP,Parc Venus,,"Parcul Operei, Splaiul Independenței, București, România",44.436140000000002,26.077198800000001,Parcul Operei
"15",Primaria Sector 1,"1",,NON-STOP,Parc Constantin Brancusi,Localizare preluata de pe ADP-S1.,,44.459814309999999,26.094082499999999,
"16",Primaria Sector 1,"1",,NON-STOP,Parc Tonitza,"Loc de Joaca, langa Liceul N. Tonitza.",,44.453177449999998,26.091136460000001,
"17",Primaria Sector 1,"1",,NON-STOP,Parc Ciresoaia,Localizare preluata de pe ADP-S1.,,44.484610959999998,26.040641870000002,
"18",Primaria Sector 1,"1",,NON-STOP,Parc Piata Pajura,,"Strada Pecetei 5, București 013165, România",44.483094889999997,26.047279339999999,Piața Pajura
"19",Primaria Sector 1,"1",,NON-STOP,Teren de joaca Adalin,,,44.476742199999997,26.029093700000001,Parcul Adalin
"20",Primaria Sector 1,"1",,NON-STOP,Teren de joaca Piata Amzei,"Nu am gasit terenul, am pus pozitia pe cladirea Piata Amzei.",,44.444476440000003,26.095198490000001,
"21",Primaria Sector 1,"1",,NON-STOP,Parc Witting,"Nu e sigur, pe harta apara Parcul Mic al Garii de Nord.",,44.445395290000000,26.074033340000000,
"22",Primaria Sector 4,,"1","Iarna: 9°°-20°°; Vara: 9°°-23°°",Parc Lumea Copiilor,,"București, România",44.404572799999997,26.115245200000000,Parcul Lumea Copiilor
"23",Primaria Sector 4,,"5","Iarna: 9°°-20°°; Vara: 9°°-23°°",Parc Oraselul Copiilor,,"București0 041701, România",44.399650800000003,26.108720099999999,Orășelul Copiilor
"24",Primaria Sector 6,"2",,8°°-22°°,Casa de Cununii,,,44.425376059999998,26.059791220000001,
"25",Primaria Sector 6,"6",,8°°-22°°,Parc A.N.L.- Cartierul Brancusi,,"Drumul Valea Doftanei 11, București, România",44.419540699999999,26.006456300000000,Parc ANL Constantin Brâncuşi
"26",Primaria Sector 6,"1",,8°°-22°°,Parc Cetatea Histria,Loc de joaca adiacent la Str. Cetatea Histria si Drumul Taberei.,,44.421386220000002,26.021451169999999,
"27",Primaria Sector 6,"1",,8°°-22°°,Parc Pravat,"Loc de joaca, Str. Pravat nr.12",,44.425137280000001,26.041536839999999,
"28",Primaria Sector 6,"2",,8°°-22°°,"Bd. Brasov, nr. 12",Parcul Sahistilor,,44.426678350000003,26.032934890000000,
"29",Primaria Sector 6,"1",,8°°-22°°,"Parc Dr. Taberei, nr. 38",,,44.420867100000002,26.032871810000000,
"30",Primaria Sector 6,"1",,8°°-22°°,Parc Parva,,"Bloc D23, Aleea Parva 10, București 061946, România",44.419475400000003,26.015458700000000,Parcul Parva - Sf. Andrei
"31",Primaria Sector 6,"1",,8°°-22°°,Parc Sandulesti,"Loc de joaca, Str. Sandulesti nr.3",,44.425511270000001,26.029544980000001,
"32",Primaria Sector 6,"1",,8°°-22°°,Parc Sediul Central A.D.P.D.U.,"Nu am identificat pozitia, am pus-o langa cladirea ADPDU.",,44.427854310000001,26.057933500000001,
"33",Primaria Sector 6,"1",,8°°-22°°,"Loc Agrement, Al. Valea Prahovei, nr. 5",Sunt doua locuri de joaca in zona. Nu am identificat care e din cele doua.,"Aleea Valea Prahovei 5, București, România",44.419730860000001,26.039818159999999,
"34",Primaria Sector 6,"1",,8°°-22°°,"Parc Veteranilor, nr. 19","Loc de Joaca, Str. Veteranilor nr.19",,44.438814890000003,26.032415950000001,
"35",Primaria Sector 6,"2",,8°°-22°°,Parc Apusului,,"Aleea Ghirlandei 9, București 077042, România",44.438760299999998,26.013442699999999,Parc Apusului
"36",Primaria Sector 6,"1",,8°°-22°°,Parc Tabla Butii,,"București, România",44.457501370000003,26.049999540000002,Parcul Tabla Butii
"37",Primaria Sector 6,"13",,8°°-22°°,Parc Crangasi,,"Parcul Crângași, Calea Crângași, București, România",44.453500800000000,26.055944600000000,Parcul Crângași
"38",Primaria Sector 6,"1",,8°°-22°°,Parc Fantana Crangasi,,,44.452956409999999,26.047554900000002,
"39",Primaria Sector 6,"7",,8°°-22°°,Parc Giulesti,,"Calea Giulești, București, România",44.460940299999997,26.042514700000002,Parcul Marin Preda
"40",Primaria Sector 6,"1",,8°°-22°°,"Loc de joaca, Calea Giulesti X Rasadnitei",,"Calea Giulești 16, București 060276, România",44.454599240000000,26.057557670000001,Opera Comică
"41",Primaria Sector 6,,"1",8°°-22°°,"Parc de agrement ""1 decmbrie 1918""","Nu am gasit pozitia, am pus-o la inceputul Str. 1 Decembrie 1918.",,44.446927299999999,26.015945519999999,
"42",Primaria Sector 6,,"1",8°°-22°°,"Parc de agrement ""Iuliu Maniu-Fabricii""",,,44.435877040000001,26.040291570000001,"Parc de agrement ""Iuliu Maniu-Fabricii"""
"43",Primaria Sector 6,"1",,"Vara: L-V 7.00-20.00, S 7.00-18.00, D 7.00-15.00; Iarna: L-V 8.00-20.00, S 8.00-17.00, D 8.00-15.00",Piata Valea Ialomitei,Piata are doua cladiri.,,44.420450199999998,26.018559799999998,
"44",Primaria Sector 6,"1",,"Vara: L-V 7.00-20.00, S 7.00-18.00, D 7.00-15.00; Iarna: L-V 8.00-20.00, S 8.00-17.00, D 8.00-15.00",Piata Giulesti II,,"Calea Giulești 54, București, România",44.462054129999999,26.045140830000001,Piata Giulesti II
"45",Primaria Sector 6,"1",,"Vara: L-V 7.00-20.00, S 7.00-18.00, D 7.00-15.00; Iarna: L-V 8.00-20.00, S 8.00-17.00, D 8.00-15.00",Piata Apusului,,"Strada Apusului, București, România",44.438252880000000,26.014416650000001,Strada Apusului
"46",Primaria Sector 6,"1",,"Vara: L-V 7.00-20.00, S 7.00-18.00, D 7.00-15.00; Iarna: L-V 8.00-20.00, S 8.00-17.00, D 8.00-15.00",Piata Argesului,,"Str. Valea Argeșului, București, România",44.415863039999998,26.015873379999999,Piata Valea Argesului
"47",Primaria Sector 6,,"2","L-V 8.30-20, S 8.30-18, D 8.30-15",Piata Crangasi,,"Calea Crângași 29, București 060334, România",44.452761400000000,26.048888800000000,Complexul Agroalimentar Crângași
"48",Primaria Sector 6,,"3","L-V 7:00-20:00, S 7:00-18:00, D 7:00-16:00",Piata Drumul Taberei I,,,44.422954740000002,26.036083280000000,
"49",Primaria Sector 6,,"2","Iarna: 7:00-19:00; Vara: 7:00-20:00",Piata Drumul Taberei II,,,44.423605969999997,26.037346660000001,
"50",Primaria Sector 6,,"2",6:00-21:00,Piata Orizont,,"Drumul Taberei 18, București 061385, România",44.425747500000000,26.051046299999999,Piața Orizont
"51",Primaria Sector 6,,"1",NON-STOP,Piata Veteranilor I,,,44.434954050000002,26.028996090000000,
"52",Primaria Sector 6,"1",,8:00-20:00,Piata Veteranilor II,,,44.435149410000001,26.029558000000002,
"53",Primaria Sector 3,"1",,,Parcul Titanii,,"București, România",44.420482999999997,26.167371899999999,Parcul Romulus
"54",Primaria Sector 3,"1",,,Parcul Gheorghe Petrascu,,"București, România",44.431284200000000,26.149811100000001,Parcul Gheorghe Petrașcu
"55",Primaria Sector 3,"4",,,Parcul Alexandru Ioan Cuza,,"Strada Baba Novac, București, România",44.425511700000001,26.153533199999998,Parcul Alexandru Ioan Cuza
"56",Primaria Sector 3,"5",,,Parcul Titan,,,44.420119980000003,26.159234330000000,
"57","Administratia lacuri, parcuri si agrement Bucuresti","5","1",,Parc Circul de Stat,,"Bulevardul Lacul Tei 27, București, România",44.456271399999999,26.110247999999999,Parcul Circului
"58","Administratia lacuri, parcuri si agrement Bucuresti","10","4",,Parc Cismigiu,,"Bulevardul Regina Elisabeta, București 030167, România",44.436968700000001,26.090983699999999,Grădinile Cișmigiu
"59","Administratia lacuri, parcuri si agrement Bucuresti","13",,,Parc Carol I,,"Intrarea Mangalia, București 052034, România",44.413995100000001,26.095329700000001,Parcul Carol
"60","Administratia lacuri, parcuri si agrement Bucuresti","7","2",,Parc Herastrau Nou,Localizare preluata de pe pagina ALPA [https://alpa.ro].,,44.479932769999998,26.082552509999999,Parcul Herastrau Nou
"61","Administratia lacuri, parcuri si agrement Bucuresti","17","2",,Parc Herastrau Vechi,Localizare preluata de pe pagina ALPA [https://alpa.ro].,,44.470260680000003,26.082726260000001,Parcul Herastrau Vechi
"62","Administratia lacuri, parcuri si agrement Bucuresti","10","1",,Parc Izvor,,"București, România",44.431854800000004,26.087450799999999,Parcul Izvor
"63","Administratia lacuri, parcuri si agrement Bucuresti","3",,,Parcul Bordei,,"Bulevardul Mircea Eliade, București, România",44.471210999999997,26.090252209999999,Parcul Bordei
"64","Administratia lacuri, parcuri si agrement Bucuresti","5","1",,Parcul Unirii,,"Piața Unirii, București, România",44.427956399999999,26.101826200000001,Parcul Unirii
"65","Administratia lacuri, parcuri si agrement Bucuresti","21","2",,Parc Tineretului,,"Sector 4, București, România",44.407871299999996,26.105063999999999,Parcul Tineretului
"66","Administratia lacuri, parcuri si agrement Bucuresti","2","2",,Parc Miorita,Localizare preluata de pe pagina ALPA [https://alpa.ro].,,44.478567710000000,26.074334420000000,
"67","Administratia lacuri, parcuri si agrement Bucuresti","4",,,Parcul Floreasca,,"Strada Locotenent Aviator Radu Beller 31, București 014192, România",44.464722199999997,26.097777799999999,Parcul Floreasca
"68","Administratia lacuri, parcuri si agrement Bucuresti",,"2",,Parc Sala Palatului,,,44.438911370000000,26.094274349999999,
"69",Primaria Sectorului 2,,"3","Luni - inchis, Marti-Vineri - 9.30-21.30, Sambata - Duminica- 9.30-22.30",Parcul de Agrement Tei,,"Bulevardul Lacul Tei, București, România",44.464714600000001,26.125101999999998,Parcul De Agrement Tei
